model,accuracy,precision,recall,f1_score,auc_roc
Logistic Regression,0.6583333333333333,0.31743421052631576,0.6643717728055077,0.42960489705064,0.7199280794114864
Random Forest,0.6923333333333334,0.32621951219512196,0.5524956970740104,0.41022364217252394,0.703924538880734
